,Violence,Pouvoir,Soumission,Émotion,Domesticité,Crime,Pauvreté
Femmes,1.8916206881365953,0.5257909670275746,0.4248164528691232,1.2890765078546218,5.90276248655246,0.15098992771357211,0.1613704852438802
Hommes,2.8542482745203177,0.7147483729835792,0.5528178287308678,0.924486982682329,1.4420715721142554,0.2791374143784833,0.16465904426576064
Afro-Américains,1.8543845534995977,0.6757843925985518,0.4384553499597747,0.6114239742558327,0.9814963797264683,0.2614641995172969,0.2011263073209976
Asiatiques,2.5908235634679406,1.2013315964683746,0.5644811115935736,0.5934288609060646,1.2881748444058474,0.60790273556231,0.1157909972499638
Hispaniques,2.2652659225213396,0.5252790544977018,0.4267892317793828,0.5581089954038083,1.8384766907419567,0.4924491135915955,0.1969796454366382
LGBTQ+,1.8320610687022902,0.5343511450381679,0.22900763358778628,0.38167938931297707,1.2213740458015268,0.22900763358778628,0.3053435114503817
