decade,num_scripts,african_american_freq,asian_freq,hispanic_freq,white_freq,native_freq,middle_eastern_freq,stereotype_criminal_freq,stereotype_exotic_freq,stereotype_poverty_freq,minorities_total,minority_white_ratio
1960,34,0.3315168787817766,0.15916327601989805,0.035174204645281336,0.31568848669140004,0.021104522787168803,0.15476650043923787,0.11255745486490028,0.024621943251696934,0.09672906277452367,0.7017253826733627,2.2228412256267407
1970,80,0.5309943276252158,0.10722825679022936,0.11366195219764312,0.4670862865782391,0.03645760730867798,0.04117565060744807,0.10379695257294203,0.0836380402963789,0.09779217019268918,0.8295177945292144,1.775941230486685
1980,187,0.49844877840474905,0.15207870101044707,0.05634638364575424,0.44436378808257027,0.0518235969986034,0.018279596032234655,0.12249213836033532,0.09705146347011182,0.06972629414357548,0.7769770560917884,1.7485156912637827
1990,378,0.5579599707290013,0.15841600226614186,0.06629866451068452,0.45431643956069895,0.05403479471941741,0.014569108473836094,0.13434931042012146,0.0667597122471983,0.0704480941393087,0.8512785406990812,1.8737568500101482
2000,521,0.5330047537622412,0.14132280089962296,0.07605407256685764,0.3802007799682619,0.03743558192220441,0.05246548098390729,0.12824122208665933,0.05984126478270593,0.06652121992124055,0.8402826901348335,2.2101024890190333
2010,575,0.518426380730155,0.13281676604145076,0.054281070887057754,0.39838544618780863,0.033982414748886816,0.011413940831687175,0.1199760826058027,0.0663435310841817,0.06991038759408394,0.7509205732392377,1.8849096532638778
2020,12,0.661154923220206,0.09853751259531915,0.047679441578380236,0.42593634476686343,0.03814355326270419,0.006357258877117365,0.10489477147243652,0.07946573596396705,0.05085807101693892,0.8518726895337269,2.0
