decade,num_scripts,female_mentions_freq,male_mentions_freq,gender_ratio,female_negative_stereotypes,female_objectification,male_stereotypes
1960,34,10.373752305009598,20.30782705195318,0.5108253225946133,0.12135100602622062,0.8415428461383561,0.23390846089112088
1970,80,10.239440697412581,17.95258366484736,0.5703602828746177,0.09950782230133284,0.7334412764451689,0.23161303466689542
1980,187,12.46479999954772,17.08558035738683,0.7295508691432101,0.10458944121536323,0.769439078346537,0.22218189404128513
1990,378,11.557360239833343,17.747018312078417,0.6512282816526727,0.10309027388448579,0.8093231966763254,0.24287994759547007
2000,521,12.99689646500949,16.84726435658046,0.7714544147894827,0.1084796881351611,0.7752227104001475,0.23734715601605808
2010,575,14.221446016599502,16.367980264258673,0.8688577201949363,0.11310177733217291,0.7818549469705716,0.23910909003653757
2020,12,15.238349528450323,17.272672369127882,0.8822230401177769,0.08264436540252575,0.6261899993960605,0.20661091350631436
